company,url,flag
Affirm,https://www.affirm.com,
Apple,https://www.apple.com,
Barclays,https://www.barclays.co.uk,
British Airways,https://www.britishairways.com,
Clay,https://www.clay.com,
Cloudflare,https://www.cloudflare.com,
JPMorgan Chase,https://www.jpmorganchase.com,
Meta,https://about.meta.com,
Monzo,https://monzo.com,
Okta,https://www.okta.com,
Plaid,https://plaid.com,
Revolut,https://www.revolut.com,
Robinhood,https://robinhood.com,
Salesforce,https://www.salesforce.com,
SoFi,https://www.sofi.com,
Wise,https://wise.com,
Southwest,https://www.southwest.com,
Carr House Farm Limited,https://carrhousefarm.co.uk,OK
Richard Rowan Farms Ltd,https://richardrowanfarms.co.uk,OK
GRWN Group Limited,https://grwngroup.com,OK
The Carbon Farm Ltd,https://farmcarbontoolkit.org.uk,OK
Community Apothecary CIC,https://www.communityapothecarywf.org,OK
Skylark Flower Company Limited,https://www.skylarkflowercompany.co.uk,OK
Liberty Orchards Limited,https://libertyorchards.com,OK
H.E.Hall & Son Limited,https://hehallandson.co.uk,OK
Wakai Trees Limited,https://www.wakaitrees.co.uk,OK
Elveden Livestock Limited,https://www.elveden.com,OK
Butterwell Farm Limited,https://butterwellfarm.com,OK
Pegoty Hedge Limited,https://www.pegotyhedge.co.uk,OK
Whitakers Turf Supplies Limited,http://www.whitakersturf.co.uk,OK
Auchlishie Eventing Limited,https://auchlishie.co.uk,
Bucks Buildings Limited,https://www.bucksbs.co.uk,OK
Horham Dairy and Care Farm CIC,https://www.horhamdairyandcarefarm.org/,OK
Larkrise Farm Enterprises Limited,http://www.larkriseholidays.co.uk,OK
Piggott's Poultry Breeders Ltd,https://www.piggottspoultry.co.uk,
Silver Springs Farm Ltd,https://www.silverspringsfarm.co.uk,OK
M S Frenchies UK Ltd,https://www.frenchiesltd.com/pages/about,OK
The Gourmet Goat Farmer Limited,https://thegourmetgoatfarmer.co.uk,OK
Sam Dracott Farrier Ltd,https://www.samdracottfarrier.com,OK
Little Munden Equestrian Ltd,https://www.littlemundenequestrian.com,OK
Oxon Deer Limited,https://www.oxondeer.co.uk/home,OK
Yellow Wood Ltd,https://www.yellowwoodpartners.com,OK
Isle of Skye Shellfish Ltd,https://www.skyeseafood.com,OK
Mallard Flyfishers Limited,https://www.mallardflyfishers.co.uk,OK
Mishri Foods Limited,https://mishri.co.uk,OK
La Pepia Limited,https://lapepialdn.com,OK
J Sedgewick & Sons Ltd,https://www.sedgwick.com/en-gb/,
Soie De Lune Limited,https://www.soiedelune.com,OK
Little Knot Company Ltd,https://littleknotco.com,OK
Moontide Swimwear Limited,https://moontide.com,OK
S R Bell Carpentry and Building Ltd,https://srbellcarpentry.com,OK
Beacon Print 247 Limited,http://www.beaconprint247.co.uk,OK
Pass Consulting Ltd,https://www.pass-consulting.com/en/,OK
Meg Hawkins Ltd.,https://www.meghawkinsltd.com/en-us,OK
Town & Country Printers Limited,http://tcprinters.totalwebz.co.uk,OK
Managed Mail Service Ltd,https://www.managedmailservice.co.uk/contact-us/,OK
CNC Group Limited,https://cnc-group.co.uk,OK
Apollo Productions Ltd,https://www.apolloproductionstudio.com/contact,OK
Racebolt Limited,http://www.raceboltuk.com,OK
Industrial Services Ltd,https://industrial-services.co.uk,OK
Lloyd & Co Blacksmiths Ltd,http://www.lloydblacksmiths.com,OK
Ace Cutters (London) Limited,https://www.acecutters.co.uk,OK
Gamebird Products Limited,https://www.gamebird.co.uk,OK
Quantum Systemes Ltd,https://www.quantum-systems.com,
Mrrails.com Limited,https://www.mrrails.com,OK
Premi-Aire (Services) Limited,https://premiair.uk.com,OK
Detron Ltd,https://www.detron.co.uk,OK
Rite Engineering Ltd,https://rite-engineering.com,OK
Carrick Engineering Limited,https://www.carrickengineering.co.uk,OK
Ellwoodkitchens Ltd,https://ellwoodkitchens.co.uk,OK
John Stone's Beds and Mattresses Ltd,https://johnstonesbeds.co.uk,OK
Ewan Buxton Joinery Limited,https://ewanbuxtonjoinery.co.uk,OK
Keizer Frames Limited,https://www.pictureframinglewes.co.uk,OK
Secure Line Solutions Ltd,https://securelinesolutions.co.uk,OK
Mobile Hose and Hydraulics Ltd,https://mobihose.co.uk,OK
Cornwall Vacuum Services Limited,https://www.cornwall-vacuums.co.uk,OK
JJ Engineering (SW) Limited,https://www.jjengineeringswltd.co.uk,OK
Haenni Wheel Weigh Pads Limited,https://www.haenni-scales.com/int/en,OK
Mayan Waters Ltd,https://www.mayanwaters.com/,OK
B.H. Refrigeration Limited,https://www.bhrefrigeration.co.uk,OK
Cheshire Pump Company Limited,http://www.cheshirepumpcompany.co.uk,OK
Allison Wold Power Limited,https://www.allisonwoldpower.co.uk,OK
Storelectric Fleetwood Limited,https://storelectric.com,OK
Drainworx Limited,http://www.drain-worx.co.uk,OK
Youngs Waste Clearance Ltd,https://youngswasteclearance.co.uk,OK
Paperwise Limited,https://www.paperwise.co.uk,OK
Alliance Facilities Management Limited,https://www.alliancefacilities.co.uk,OK
LPM Waste Management Ltd,https://lpmwastemanagement.co.uk,OK
Charlesgate Homes (Burghfield) Limited,https://charlesgatehomes.com,OK
Mawson Builders Limited,https://mawsonbuilders.com,
A1 Asphalt & Tarmacadam Surfacing Ltd,https://a1tarmacadamltd.co.uk,OK
Skyblue Contracting (UK) Ltd,https://www.sky-blue.uk,OK
P J Construction Services Limited,https://pjconstruct.co.uk,OK
Staffordshire Septics and Drainage Ltd,https://staffordshiresepticsanddrainage.com,OK
Utilities Guardian Ltd,https://www.guardianwp.com,OK
McNair Utilities Limited,https://www.mcnair-utilities.co.uk,OK
Unicorn Projects Ltd,https://www.unicornprojects.co.uk/contact,OK
BKB Services Group Ltd,https://www.bkbaccountants.co.uk,OK
Senigallia Limited,https://www.senigallialimited.co.uk,OK
D J Plumbing & Heating (Brighton) Ltd,http://www.dj-plumbing-heating.co.uk,OK
Uptegral Limited,https://uptegral.co.uk,OK
Dream Home Professionals Ltd,https://www.dreamhomeprofessionals.co.uk,OK
Future Industry Services Limited,https://futureindustrial.com,OK
Top Notch Bespoke Fitted Furniture Limited,https://www.topnotchbespoke.co.uk,OK
Dentaid PDR Limited,https://www.dentaid.com/en/,OK
MLT Tyres Ltd,https://www.mlttyres.co.uk,OK
Yogi's Tyres Limited,https://www.yogistyres.co.uk,OK
Moto Trax Ltd,https://moto-trax.com,OK
O W & R J Vernon (Contractors) Limited,https://www.rjv-international.co.uk/agricultural-contracting/,OK
Hi-Pro Pressure Products Ltd,http://www.hi-pro.co.uk,OK
Blaydon Bathrooms Express Ltd,https://blaydonbathrooms.co.uk,OK
Outfit of Tomorrow Ltd,https://www.outfit-of-tomorrow.com,OK
Russell Food Gruhe Limited,http://russellfoodgroup.co.uk,OK
Noir Services Limited,https://www.noirconsulting.co.uk,
Flowers by Mirelle C. Ltd,https://www.flowersbymirelle.co.uk,OK
Sillfield Farms Barrow Ltd,https://www.sillfield.co.uk,
Spice Realm Ltd,https://spicerealm.com,OK
Bisco Foods Limited,http://www.biscofoods.co.uk/,
NHB London Consultancy Ltd.,http://www.nhblondon.co.uk,OK
Bombay Stores Wholesale Ltd,http://bombaystoreswholesale.com/site/,OK
Templecombe Ltd,https://www.templecoombe.co.uk,OK
Al Haram Perfumes Limited,https://alharamperfumes.co.uk,OK
Express Lab Ltd,https://expresslabs.com,OK
Netint Ltd,https://netint.com,OK
Conway Services Ltd,http://www.conwayservices.co.uk,OK
Tagliaferro Investments Limited,https://til-group.com,OK
Maha Services Limited,https://www.maha.co.uk/en,OK
Cambridge Heating Spares and Controls Limited,https://www.cambridgeheatingspares.co.uk,OK
SRG Fixings Limited,https://srgfixings.co.uk,OK
Brexco Ltd,https://brexco.co.uk,
Corline Coatings Limited,https://www.corlinecoatings.co.uk,OK
Holtbolt Limited,http://www.holtbolt.co.uk,OK
Test Valley Car Breakers Limited,https://test-valley-car.edan.io,
Polpi Ltd,https://www.polpi.co.uk,OK
Mart Farm Shop and Cafe Ltd,https://martfarmshop.co.uk,OK
Nordic Muse Limited,https://nordicmuse.com,OK
Hanks' Meat & Game Ltd,https://meatandgame.com,OK
BP Devlin Quality Meats Limited,https://twitter.com/b_meats?lang=en,OK
R & C Harper Limited,https://www.harperltd.co.uk,OK
North Sea Seafood Limited,https://www.northseaseafood.com,OK
Cake Box (Upminster) Ltd,https://www.cakebox.com,OK
Kwik Stop Telford Limited,https://gokwikstop.com/,OK
Divine Coffee Boutique Limited,https://divinecoffee.co.uk,OK
Salam Halal Meat Ltd,https://salam.uk.com,OK
Sara Cafe Limited,http://www.saracafe.co.uk,
Cooking with Caz (CWC) Ltd,https://cookingwithcaz.com,OK
Lemon Grass Arun Limited,https://lemongrasscloud.com,OK
The Computer Store Ltd,https://www.computerstoresc.co.uk,OK
Jessica Fox Ltd,https://jessica-fox.co.uk,
Swags and Drapes Ltd,https://www.swagsanddrapes.co.uk,OK
Great British Interiors Ltd,https://greatbritishinteriors.com,OK
WFS Flooring & Tiles Ltd,https://www.wfsni.com,
Allenton Appliances Limited,https://www.allentonappliances.com,
Key Catering Solutions Ltd,https://keycateringsolutions.co.uk,
Direct Beds and Sofa Outlet Limited,https://www.directbedsandsofas.co.uk,
Silver Lining Internships Limited,https://www.silverlininginternships.co.uk,
Jaynes Bridalwear Limited,https://www.jaynesbridalwear.co.uk,
Cool Sheepskin Limited,https://coolsheepskin.co.uk,
A&T Healthcare Ltd,http://healthlovingcare.com,
Jasmin Ltd,https://jasmin.ac.uk,
HDP Medical Supplies Ltd,https://hdpmedicalsupplies.com,
Cormed-Dx Ltd,https://cormed-dx.com,
Federated First Aid Training Organisations Ltd,https://www.fofato.co.uk,
Watford Hair and Beauty Limited,http://www.watfordhairandbeauties.com,
Burgos Pet World Ltd,https://burgos-pet-world.ueniweb.com,
Jayesh Florist Limited,https://www.jayeshflorist.com,
Robert's Fine Jewellery Ltd,https://robertsfinejewellery.co.uk,
Mainline Art Store Ltd,https://www.mainline319.co.uk,
Daisychain Benevolent Fund,https://www.daisychainbenevolentfund.co.uk,
Katzenworld Ltd,https://katzenworld.co.uk,
Beebaltic Ltd,https://beebaltic.com,
Matador Models Limited,https://matadormodels.co.uk,
Freeflush Limited,https://www.freeflush.co.uk,
Chelsea Chauffeurs Ltd,https://chelseachauffeursltd.co.uk,
Premier Mini Buses (NW) Limited,https://premierminibuses.com,
Downton Travel Limited,https://www.downtontravelltd.co.uk,
Abbey Travel Coach Hire Limited,https://www.abbeytravel.com,
Garden of England Classics Ltd,https://www.gardenofenglandclassics.co.uk,
KPT Relief Services Limited,https://www.returnloads.net/members/kpt-relief-services/contact-us/,
VIP House Movers Ltd,https://viphousemovers.com,
Carroll Distribution Ltd,https://carrolldist.com,
Oceanair (International Removals) Limited,https://www.oceanairinternational.com,
Oneocean Limited,https://www.oneocean.com,
Tech-Avia Ltd,https://www.tech-avia.online,
Hannah Stodel Racing Limited,https://www.hannahstodelracing.com,
Sargent Brothers (Thames) Limited,http://www.sargentbrothers.co.uk,
Breakdown Recovery Ltd,https://breakdownltd.co.uk/,
JHS Projects & Services Ltd,https://jhspedals.info,
Shirley (WM) Services Ltd,https://www.wmshirley.com,
The Old Bank Hotel Limited,https://www.oldbankhotel.co.uk,
Swallowfields Retreat Ltd,https://swallowfieldsretreat.co.uk,
Sika Ents Ltd,https://gbr.sika.com,
The Venue Crossgates Limited,https://www.thevenuebusiness.com,
Brilliant Online Ltd,https://brilliant.ltd.uk,
Aqua Fluency Ltd,https://www.aquafluency.com,
Eddison Pearson Ltd,https://www.eddisonpearson.com,
Rallymaps Ltd,https://www.rallymaps.co.uk,
Oh La Vache Limited,https://ohlavache.ch/pages/contact-us,
Pigeon Productions Limited,https://openstorytellers.org.uk/pigeon-productions/,
Clarendon News 1988 Ltd,https://www.clarendonnews1988.co.uk,
Gavin Browne Publishing Limited,https://corries.com/elements/pages/about/,
Huda Television Limited,https://huda.tv,
Clearview Technology Solutions Ltd,https://www.clearview-intelligence.com,
DSG Web Services Limited,https://dsg.co.uk,
Bluebird Ventures Limited,http://www.bluebirdventures.co.uk,
Albion Languages Ltd,https://albionlanguages.com,
Prime World Property Ltd,https://primeworldproperty.com,
Silo Team Limited,https://www.silo.team,
Lothbury Underwriting Limited,https://lothburyuk.com,
Procalcs Limited,https://procalcs.net,
Guardian Textile Restoration Ltd,https://guardiantextilerestoration.com,
Protecttoday.co.uk Ltd,https://protecttoday.co.uk,
AAG Insurance Services Limited,https://www.aaginsurance.com/business-insurance/,
Alan Broadwell Ltd,https://www.alanboswell.com,
Isinglass (Pensions & Remuneration) Consulting Limited,https://www.isinglass.uk.com,
Lonsdale Capital Partners I Limited,https://www.lonsdalepartners.com,
RDT Property Enterprise Limited,https://rdt.co.uk,
Castle Square Capital Ltd,https://castlesquarecf.co.uk,
Leisure Life Parks Limited,https://www.leisurelifeparksltd.co.uk/,
ASX Advisory Ltd,https://www.asx.com.au,
Kingfisher Property Ltd,https://www.kingfisherpropertyfinance.com,
Kash Legal Services Limited,https://www.kashlegalservices.co.uk,
Tavistock Consultancy UK Ltd,https://tavistockconsultancy.com,
Seventeen43 Limited,https://www.seventeen43.co.uk,
Jennifer Wallis Planning Ltd,https://www.jenniferwallisplanning.co.uk,
EnviroClean Derbyshire Ltd,https://envirocleanderbyshire.co.uk,
Redwing Environmental Limited,https://www.redwing.org.uk,
Avant Digital (S6) Ltd,https://avantdigital.co.uk,
Bean Research Ltd,https://www.beanresearch.co.uk,
Real-Time Radio Systems Limited,https://www.realtimeradio.co.uk,
Haystack Design Ltd,https://www.haystackapp.io,
Dan Wootton Photography Ltd,https://www.danwoottonphotography.co.uk,
Barkshire Hydrotherapy Ltd,https://barkshirehydrotherapy.com,
Edge Animal Physio Ltd,http://edgevetphysio.co.uk,
Glamper Ltd,https://glamperuk.com,
Edinburgh Height Hire Limited,https://www.heightforhire.com,
PJB Forklift Solutions Limited,https://www.forkliftsolutions.info,
Perfect Planners Events Limited,https://perfectplanners.uk,
UK Diving Services Ltd,https://diving-services.co.uk,
Burman Plant Hire Ltd,https://burmanplantltd.co.uk,
Room2Spare Limited,https://room2spare.com,
Positive People HR Limited,https://positivepeoplehr.co.uk,
Cearban Ltd,https://baskingsharkscotland.co.uk/,
Voyages Marirose Ltd,https://marirose.co.uk,
Kye-Tec Security & K9 Ltd,https://kye-tecsecurity.co.uk,
KMFM Technologies Limited,https://kmfmgroup.co.uk,
20 The Circus Bath Limited,https://www.circusorthodontics.co.uk,
York Cleaning Angels Ltd,https://cleaningangelsyorkshire.co.uk,
Saphala Secretarial Services Limited,http://www.saphala.co.uk,
Viking Packaging UK Ltd,https://vikingpacking.com,
Nick Lang Contracting SW Limited,https://www.nicklangcontracting.com,
Hudson Courses Limited,https://hudsoncourses.com,
Introtrain & Forum Limited,https://www.introtrain.com,
Trini Yoga Limited,https://www.triniyoga.co.uk/about-us,
School of African Languages Limited,https://theschoolofafricanlanguages.com/about-us/,
The Day-Viss Group Ltd,https://www.day-viss.co.uk,
Simon Bell Driving School Limited,https://simonbelldriving.co.uk,
Curriculo Solutions Ltd,https://www.curriculosolutions.com,
Providence Care Solutions Ltd,https://providencecaresolutions.co.uk,
Kindred Skin Aesthetics Ltd,https://kindredskin.co.uk,
Hatch End Dental Practice Limited,https://www.hatchenddentalpractice.co.uk,
Morgan Street Dental Practice Ltd,https://morganstreetdental.co.uk,
Portland Medical Ltd,https://www.portlandmedical.co.uk,
Spikey Productions Ltd,https://spikeproductions.co.uk,
Arty Party Crafts Ltd,https://artyparty.co.uk,
Stellar Divers Limited,https://www.stellardivers.co.uk,
Thorverton Cricket Club Ltd,https://thorvertoncc.co.uk,
Fitness Rush Community CIC,https://www.fitnessrush.co.uk/community,
Total Tri Training Limited,https://www.totaltritraining.com,
Solids Handling and Processing Association Limited,https://www.shapa.co.uk,
CIBN UK Branch,https://cibnuk.com,
A J Electrical Contractors South East Limited,http://www.ajelectricalltd.co.uk,
Wynn Griffiths & Tarr Limited,https://www.wgandt.co.uk,
Windstruments (Repairs) Ltd,https://www.windstruments.co.uk/repairs,
Papilio Beauty Limited,https://www.papiliobeauty.co.uk,
Unique Funerals Limited,https://www.unique-funerals.co.uk,
Quite Great Limited,https://www.quitegreat.co.uk,
Steprightorthotics Ltd,https://www.steprightorthotics.com,
493K Limited,https://www.493k.com,
Symbio Waste Solutions Ltd,http://symbiowastesolutions.co.uk,
The Unnatural History Museum Ltd,https://unnaturalhistorymuseum.org,
Gender Free World Limited,https://www.genderfreeworld.com,
Satgurus Limited,https://satgurus.com,
Bristol Aviation Training Limited,https://www.bristol.gs,
Nottinghamshire Training Group Limited,https://nottstraining.co.uk,
CSG Roofing Supplies Ltd,https://csgroofingsupplies.co.uk,
Mifa UK. Limited,http://www.mifauk.com,
Cara Jewellers (UK) Limited,https://carajewellers.com,
Nebulas Energy Ltd,https://nebulasenergy.com,
Wibsey Ltd,https://www.wibseyosteopathicclinic.co.uk/,
Florentin Fonche Foundation,https://florentinfonchefoundation.com,
H & H Doors and Windows Limited,https://hhdoor.com/,
Centric Lab Ltd,https://www.thecentriclab.com,
Paul Crick Publishing and Editorial Consultancy Limited,http://www.paulcrick.co.uk,
Williams Welding & Fabrications Ltd,https://www.williamswelding.co.uk,
Strathclyde Windscreens Limited,https://strathclydewindscreens.co.uk,
Luna Domes Limited,https://www.lunadomes.com,
Lauren Louise Hazel Ltd,https://www.llhazel.co.uk,
Tri-Shield Protection Products Ltd,https://trishieldprotection.com,
Refscorer Digital Limited,https://www.refscorer.com,
Red Kite HR Services Limited,https://www.redkitehrservices.co.uk,
Angel Med Ltd,https://www.4dflexisport.com/pages/terms-and-conditions,
Starr International Limited,https://starrcompanies.com,
Zero Green Bristol Ltd,https://www.zerogreenbristol.co.uk,
Award Framers International Ltd,https://www.awardframers.com,
Furness Recruitment Solutions Ltd,https://www.furnessrecruit.com/,
Transglobalre Limited,https://www.transglobalre.com,
Raynot Specialist Welding Limited,https://www.raynot.co.uk,
Jo Andrews Interiors and Furniture Design Ltd,https://www.joandrewsinteriors.com,
World of Fish Limited,https://www.world-of-fish.co.uk,
TK Homes Limited,https://www.tke-homesolutions.co.uk/,
Hull News & Pictures Ltd,https://www.hullnews.co.uk,
Eden Car Traders Ltd,https://www.edencarsales.co.uk,
Academic Camp Limited,https://www.academiccamp.org,
Dahlia Beach Limited,https://www.dahliabeach.co.uk,
North Oak Recruitment Limited,https://www.northoakrecruitment.co.uk,
The Black Horse Inn Limited,http://www.blackhorse-donington.co.uk,
Printpack Services Limited,https://www.printpackservices.com,
Pioneer Sealants Ltd,https://pioneersealantsltd.co.uk,
Heritage Carpet & Flooring Limited,https://www.heritage-carpet.com/,
Avicenna Services Ltd,https://www.avicennapharmacy.org,
Whitby Holiday Cottages Limited,https://www.whitby-cottages.net,
Raw Material Cover Ltd,https://www.rawmaterialcover.co.uk,
Focus Cup Ltd,https://focuscup.co.uk,
Turbo Performance Ltd,https://turboperformanceltd.com/,
Timberzone Services Limited,https://www.timberzone.co.uk,
Alfahad Foods Limited,https://www.alfahadfoods.co.uk,
Pickmeuptheatre.com Ltd,https://www.pickmeuptheatre.com,
Hettigoda Industries UK Limited,https://siddhalepa.com,
Franke Racewear Ltd,https://www.frankeracewear.com,
Sofinn (UK) Limited,https://sofinn.com,
P.A.H. Communications Limited,https://pahcommunications.co.uk,
Mosaic Workshop Ltd,https://www.mosaicworkshop.com,
R Barlow Memorials Limited,https://www.rbarlowmemorials.com,
DIY Handy Sam Services Limited,https://diyhandysamservices.com,
Better Being,https://www.betterbeing.com,
OKM Solutions Ltd,https://okmsolutions.uk,
ZRS Engineering Ltd,https://www.zrs-engineering.com,
Florian Fire Services Limited,https://florianfire.com,
Gallerytr Limited,https://www.gallerytr.com,
Cubic Clothing Ltd,https://cubicoriginal.com/,
OpenUK,https://openuk.uk/,
Atholl House (Skye) Ltd,https://www.athollhouseskye.co.uk,
Thermo Secure - UK Limited,https://www.thermosecure.co.uk,
Little Creative Woodcrafts Ltd,https://littlecreativewoodcrafts.com,
Solo Refinish Solutions Ltd,https://solorefinishsolutions.co.uk,
Izzy's Bootyque Limited,https://izzysbootyque.com,
Pineapple Audio Production Ltd,https://www.pineappleaudioproduction.com/,
Killowen Distillery Ltd,https://www.killowendistillery.com,
Braveface Film Ltd,https://www.braveface.com,
Castle Associates Limited,https://castleassociates.org.uk/,
Chapel Break OSC CIC,https://www.chapelbreakclubs.co.uk/,
Counterweight Support Limited,https://www.counterweight.org,
GDCC Limited,https://www.gdcc.com,
Garthy's World Limited,https://www.garthysworld.com,
Rapid Cool Refrigeration Ltd,https://rapidcoolrefrigeration.com,
Business Disability International Limited,https://www.businessdisabilityinternational.org,
Vajra Ayurveda Limited,https://vajraayurveda.uk,
Rob Attridge Decorating Limited,https://www.robattridgedecorating.com,
Remflex Insulation Covers Limited,https://remflex.co.uk,
A Rated Conservatories Ltd,https://www.a-ratedconservatoriesltd.co.uk,
Europeanbiz Limited,https://www.europeanbizhealthcare.co.uk,
I Love Italia Ltd,https://iloveitalia.co.uk,
Pride and Pinion Media Limited,https://prideandpinion.com,
Cotswold Food Co Ltd,https://www.cotswold-fayre.co.uk,
Spek Noise Control Ltd,https://spek-noise-control-ltd.co.uk,
Sally Faith Photography Ltd,https://www.sallyfaithphotography.com,
Clearline Healthcare Limited,https://clearlinehmo.com,
Setting Steps Support Services Ltd,https://settingsteps.com/recruitment-agency/,
Trent Valley Windows Ltd,https://www.trentvalleywindows.co.uk,
Warm4less Ltd,https://www.warm4less.com,
Taw Windows Limited,https://tawwindows.com,
Stewart Plant Hire Limited,https://www.stewart-plant-sales.com,
Teignmouth Music Festival Limited,https://teignmouthfolkfestival.co.uk,
Sentinel 7 Office Supplies Ltd,https://www.sentinel7.co.uk,
Roseberry Coffee Ltd,http://www.roseberrycoffee.co.uk,
Bendall's Boxing Limited,https://bendallsboxing.co.uk,
Kacegb Properties Ltd,https://www.kacegbproperties.co.uk/,
Newday Media Ltd,https://newdaymedia.co.uk,
Rhondda Raw Ltd,https://rhonddaraw.co.uk,
Run Cottage Touring Park Ltd,https://www.runcottage.co.uk,
Twickenham Rugby Football Club (Trading) Limited,https://www.pitchero.com/clubs/twickenhamrfc,
Spectrum Fasteners Limited,https://www.spectrumfasteners.co.uk,
Bib Noodle Bar Limited,https://bibnoodlebar.square.site,
Custom Feeders Limited,https://www.customfeeders.co.uk,
Bellegrove Construction Ltd,https://bellegroveconstruction.co.uk,
London Roofing and Lofts Ltd,https://www.londonroofingltd.com,
Smart Technology Limited,https://www.smarttech.com/en/education,
Cnut Archetype Limited,https://www.archetype.co/uk/,
Tomojo Limited,https://tomojo.co/,
Divine Interventions Healthcare Solutions Limited,https://www.dihomecare.co.uk,
Eightfold Software Consultancy Services Ltd,https://eightfold.ai,
UK and International Distribution Services Ltd,https://www.internationaldistributionservices.com/en,
Elcosys Ltd,http://elcosys.uk,
Conscious Kitchen Limited,https://www.theconsciouskitchen.com,
Pennant Yachts (UK) Limited,http://www.pennantyachts.com,
GINNES LIMITED,https://www.diageo.com/en,OK
FULLER DEMOLITION LTD,https://www.fuller-demolition-ltd.co.uk/,
DYAL HOMES LTD,https://www.dolphinhomes.co.uk/website-usage,OK
FARFORM LTD,http://www.farform.com,OK
J MCALEENAN LTD,http://www.jmcaleenan.com,
OXFORD MEDICAL INSTRUMENTS LIMITED,https://www.oxfordmedicals.com,
CHELSEA IMPERIAL SOLUTIONS LTD,https://www.chelseaimperialsolutions.com,
I AM HANK LTD,https://hellohank.co.uk/terms-conditions/,
WORKWYSE LTD,https://www.workwyse.io/privacy-policy/,
ORASAY LEASE LTD,https://orasay.london,
ISINGLASS (PENSIONS & REMUNERATION)CONSULTING LIMITED,https://www.isinglass.uk.com,
C PLANT SERVICES DEVON LTD,https://cplantservices.com,
CONVEYASSIST LTD,https://www.convey-assist.co.uk,
Tinkle (UK) Ltd,https://www.tinkle.co/,
Roberts and Sumner (Upholstery) Limited,http://www.robertsandsumnerupholstery.co.uk/,
Jessie Keane Ltd,https://www.jessiekeane.co.uk/,
Trevion Ltd,https://www.trevion.co.uk/,
Reside Dance C.I.C.,http://residedance.co.uk,
Bndle Ltd,https://bndle.com/privacy-policy,
MCI Global Investment Advisors Limited,https://mcigia.com,
Klae Klad Ltd,https://klad.design/,
Rubb Ltd,https://www.rubbuk.com,
Tennisgate Limited,https://tennisgate.com,
"""Lyteze"" Products Limited",http://www.lyteze.co.uk/,
18 Anhalt Road Ltd,https://www.18anhaltroad.co.uk/,
247 Pest Control Ltd,https://www.247pestcontrol.co.uk/,
3B Solutions Ltd,https://www.3bsolutions.lt/,
5 Star Fisheries Management Ltd,https://5starfisheries.co.uk/,
Titan Spirits Ltd,https://titanspiritsltd.com/,
Tive Fulfilment Ltd,https://tivefulfilment.com/,
TKS Home Express Ltd,http://tks-express.co.uk/,
Tom Lane Ltd,https://www.tomlane.co/,
Tom's Teas Ltd,https://www.tomsteas.com/,
Vape Center Ltd,https://www.vapecenter.co.uk/,
VCCHome Ltd.,https://vcchome.co.uk/,
Winederful Ltd,https://winederful.uk/,
Worlingworth Hall Farm Ltd,https://www.worlingworthhall.co.uk/,
Zak Marketing & Distributions Limited,https://zakmarketingltd.co.uk/,
Together Against Sizewell C Ltd,https://tasizewellc.org.uk/,
UK Telugu Association,https://www.ukta.org.uk/,
Victory In Christ Ministries,https://victoryinchrist.co.uk/,
Youth Focus West Midlands,https://yfwm.org.uk/,
Titan Gym Ltd,https://www.titan-gym.co.uk/,
Torquay Water Sports Ltd,https://torquaywatersports.co.uk/,
TNG Coaching Ltd,https://www.tngcoaching.co.uk/,
Wharfe Valley Active Ltd,https://www.wharfevalleyactive.co.uk/,
Solace Gym Ltd,https://www.solacegym.co.uk/,
Rosa Care Ltd,https://www.rosacare.co.uk/,
The Manor House Little Weighton Limited,https://themanorhousecarehome.co.uk/,
Bumble Tents & Events Limited,https://bumblebell.co.uk/,
Burghope Cottages Ltd,https://www.burghopecottage.co.uk/,
Caledonia Hideaways Ltd,https://www.caledonia-hideaways.com/,
Dazzling Futures Services Community Interest Company,https://dazzlingfutures.co.uk/,
Burrito Bro Canary Wharf Limited,https://burritobro.co.uk/,
Eskimoo Milkshakes (Lincoln) Limited,http://www.eskimoomilkshakes.co.uk/,
Dr Elizabeth Boyd Psychological Services Limited,https://www.elizabethboyd.co.uk/,
DS Small Business Help Ltd,https://www.dssbh.co.uk/,
Dutta International Tax Ltd,https://www.duttainternationaltax.com/,
C Fraser Engineering Ltd,https://cfraserengineering.co.uk/,
Rushcliffe Physiotherapy and Sports Injury Clinic Ltd,https://www.rushcliffephysio.com/,
Russell Regulatory Consultants Ltd,https://www.russellregulatoryconsultants.com/,
Rydec Fire & Security Solutions Ltd,https://www.rydec.co.uk/,
S J Fire Limited,https://www.sjfireltd.com/,
Safe Care Services Ltd,https://www.safecareservices.net/,
Rock of Ages Health Ltd,https://roacare.co.uk/,
Seeds of Sadaqah Limited,https://seedsofsadaqah.org.uk/,
Morrells Farming Limited,https://morrells-farm.co.uk/,
Essex Growers Limited,http://www.northmaldongrowers.co.uk/,
Thameside Nature Park Ltd,https://www.essexwt.org.uk/,
Seiont Nurseries Ltd,https://www.seiontnurseries.com/,
A. H. Warren Trust Limited,https://ahwarrentrust.co.uk/,
The Mudchute Association,https://www.mudchute.org/,
College Valley Estates Limited,https://www.college-valley.co.uk/,
Potters Poultry International Limited,https://www.potterspoultry.co.uk/,
Askham Bryan College Company Ltd,https://www.askham-bryan.ac.uk/,
R.S. Cockerill (Farms) Limited,http://www.cockerill.co.uk/,
Game and Wildlife Conservation Trading Limited,http://www.gwct.org.uk/,
Groaqua Limited,http://www.groaqua.io/,
NWMCW Trading Company Limited,https://nwmullwoodland.co.uk/,
Westaway Sausages Limited,http://www.westawaysausages.com/,
Harbour Bar Limited,https://theharbourbar.co.uk/,
Staniforths (Rawmarsh) Limited,https://staniforths-rawmarsh.co.uk/,
Cornish Premier Pasties Limited,https://www.cornishpremierpasties.co.uk/,
Bertie's Bakery Limited,https://bertiesbakery.co.uk/,
Harvest Moon Confectionery Ltd,http://harvestmoonltd.co.uk/,
Piquant Limited,http://www.piquant.co.uk/,
D.P. Dyers Limited,http://www.dpdyers.co.uk/,
Vantona Home Limited,https://www.vantona.co.uk/,
Caldeira Limited,http://www.caldeira.co.uk/,
Vollebak Ltd,https://www.vollebak.com/,
Leods Contracts Manufacturing Limited,https://www.leodscontracts.com/,
James Johnson & Company Limited,https://www.james-johnson.co.uk/,
Pattrick & Thompsons Limited,https://pandtbuildingandtimber.co.uk/,
Leods Contracts Limited,https://www.leodscontracts.com/,
Glosford Timber Solutions Limited,https://glosfordsips.co.uk/,
Wyckham Blackwell Limited,http://www.wyckhamblackwell.co.uk/,
Staeger Packaging Solutions Ltd,https://www.staegerclear.co.uk/,
Bizerba Labels U.K. Ltd,https://www.bizerba.com/en_gb/home/,
Walstead Heron Limited,http://www.walstead-uk.com/,
Perivan Limited,https://www.perivan.com/,
GRS Fleet Graphics Limited,https://grsfleetgraphics.com/,
D & K Europe Limited,http://www.dkeurope.co.uk/,
CTR (Enviro) Limited,https://www.ctrenviro.co.uk/,
Liquid Science Solutions Limited,https://liquidscience.co.uk/,
FFOR Haircare Limited,https://www.fforhair.com/,
Schloetter Company Limited,http://www.schloetter.co.uk/,
Silclear Limited,http://www.silclear.com/,
Rainbow Professional Limited,http://www.rainbow.eu.com/,
Rotalac Plastics Limited,http://www.tatra-rotalac.com/,
Caswick Limited,https://www.caswick.com/,
Millfield Grp Products Limited,http://millfield-group.co.uk/,
Talon Manufacturing Limited,https://www.talon.co.uk/,
Tosaf UK Limited,https://www.tosaf.com/,
A.B.G. Rubber & Plastics Limited,https://www.abgrp.co.uk/,
Glas-Seal (NI) Limited,https://www.glasseal.co.uk/,
Concrete Panel Systems Limited,https://www.concretepanelsystems.co.uk/,
Hogan (Concrete) Ltd,https://www.hogan-group.co.uk/,
Mega Marble Limited,https://megamarble.co.uk/,
Dura Manufacturing Limited,https://duramanufacturing.co.uk/,
Essex Laser Job Shop Limited,https://www.essexlaser.co.uk/,
Cannon Technologies Europe Ltd,https://cannontech.co.uk/,
Lanarkshire Welding Company Limited,https://ukbridgefabricators.co.uk/,
Windell Limited,https://windell.co.uk/,
Benweldsecure Ltd,https://www.benweld.co.uk/,
Platinum Precision Sheet Metal Limited,https://platinumstairlifts.com/,
Atlas Coating Limited,http://www.atlascoating.co.uk/,
A1 Precision Engineering (2015) Ltd,https://a1precision.co.uk/,
Alwayse Engineering Limited,https://alwayse.co.uk/,
GMD Eurotool Ltd.,https://www.gmdeurotool.co.uk/,
Brittex Engineering Limited,https://brittex-engineering.co.uk/,
KMF Precision Engineering Limited,https://www.kmf.co.uk/,
3 K's Engineering Company Limited,https://www.3ksengineering.com/,
Blackhill Engineering Services Limited,https://scgroup-global.com/blackhill-engineering-services/,
Woollard & Henry Engineering Ltd,https://www.woollardandhenry.com/,
Vulcan Completion Products UK Limited,https://www.vulcan-cp.com/,
The Micro Spring & Presswork Company Limited,https://www.microspring.co.uk/,
HTA Group Limited,https://www.htagroup.co.uk/,
Troax Lee Manufacturing Limited,https://www.troax.com/contact/local-office/united-kingdom/,
Samson Controls Ltd,https://uk.samsongroup.com/,
C-MAC SMT Limited,https://cmac.com/,
Continental Automotive UK Limited,https://www.continental-aftermarket.com/gb-en,
Hybrid Instruments Limited,https://hybridinstruments.com/,
Marlec Engineering Company Limited,http://www.marlec.co.uk/,
Schaltbau Machine Electrics Limited,http://www.schaltbau.com/,
P4 Limited,http://www.p4fastel.co.uk/,
Mechan Limited,http://www.mechan.co.uk/,
Fredshaw & Co Limited,http://www.fredshaw.co.uk/,
MI Vehicle Integration Limited,http://www.mi-vehicleintegration.com/,
Sedus Stoll Limited,https://www.sedus.com/en/,
P.J. Livesey (Manufacturing) Limited,https://www.pjlivesey-group.co.uk/,
Zystm UK Limited,https://zystm.com/en/,
Caloo Limited,http://www.caloo.co.uk/,
Inovus Limited,https://inovus.org/,
Kimal Medical Systems Limited,http://www.kimal.com/,
Roadgas Limited,http://roadgas.co.uk/,
Donnelly Cabins Ltd,https://donnellycabins.com/,
Caldan Conveyor Limited,https://caldan.dk/,
Hamilton Jet (UK) Limited,https://www.hamiltonjet.com/,
Bizlink Tailor-Made Cable UK Limited,http://www.bizlink-tmc.co.uk/,
Stannah Microlifts Limited,https://www.stannahlifts.co.uk/,
Alcemi Storage Developments 2 Limited,https://alcemi.com/,
Aberdeen Heat and Power Company Limited,https://www.aberdeenheatandpower.co.uk/,
Lagan Meica Limited,https://laganmeica.com/,
Riverridge (Mallusk) Limited,https://riverridge.co.uk/,
Neales Waste Management Limited,http://www.neales-waste.co.uk/?utm_source=GMB&utm_medium=organic,
Circle Recycling Limited,http://www.circlerecycling.co.uk/,
Broadway Living RP Limited,http://broadwayliving.co.uk/,
Drum Capital Projects Ltd,http://www.drumpropertygroup.com/,
Budock Vean Developments Limited,https://www.budockvean.co.uk/,
Chapter Homes Durham Limited,https://www.chapterhomes.co.uk/,
The Wee House Company Ltd,https://theweehousecompany.co.uk/,
MCM Architecture Ltd.,http://www.mcm-uk.com/,
Marden Essex Limited,https://www.mardenhomes.co.uk/,
Woldingham Homes Limited,http://woldinghamhomes.com/,
Newett Homes (Fenay Bridge) Limited,https://newetthomes.co.uk/,
William Thompson Homes Ltd,https://www.wthomes.co.uk/,
R. Lindsay and Company (Contractors) Limited,https://www.rlindsay.com/,
Doig and Smith Ltd,https://www.doigandsmith.co.uk/,
Logical Contracting Limited,https://www.logicalps.com/,
R V Dart & Son (Builders) Limited,http://www.rvdart.co.uk/,
James Strang Limited,http://www.jamesstrang.co.uk/,
Aertec Solutions Limited,http://www.aertecsolutions.com/,
Graham Heath Construction Limited,https://www.gh-construction.co.uk/,
DPC Electrical Contracts Ltd,http://dpclimited.com/,
Elm Building Service Engineers Ltd,https://elmbuildingservices.co.uk/,
Future Energy Solutions European Lighting Group Limited,https://uk.feslighting.com/,
Renelec Building Services Limited,https://www.renelecgroup.co.uk/,
Burtonwood Generator and Switchgear Services Limited,http://www.burtonwoodgroup.com/,
JW Morris Limited,https://morrisline.co.uk/,
Griven UK Ltd,https://www.griven.com/en/,
Jet Environmental Systems Limited,https://www.jetenvironmental.com/,
Borahurst Limited,https://www.borahurst.com/,
Mellor Bromley Air Conditioning Services Limited,http://www.mellorbromley.co.uk/,
K S Barry (Plumbing & Heating) Limited,https://www.ksbarry.com/,
Robert Kirkland (Blyth) Limited,http://r-kirkland.co.uk/,
Peak 15 Property Services Ltd,http://www.peak15propertyservices.co.uk/,
S. R. Black Plumbing and Heating Ltd,http://www.srblack.com/,
Ongo Heating & Plumbing Limited,https://www.ongo.co.uk/,
Oakes Energy Services Ltd,https://www.oakesenergy.co.uk/,
Protech Heating Limited,http://www.protech-heating.com/,
50Five-(UK) Limited,https://www.50five.com/,
EJ Interiors Limited,https://www.ej-interiors.co.uk/,
Parr Projects Limited,https://www.parr-fm.com/,
Structherm Limited,http://www.structherm.co.uk/,
Imedco Limited,https://www.imedco.com/,
Nolte Kitchens Contracts Limited,https://nolte-kitchens.co.uk/,
Horbury South West Limited,https://www.horburysouthwest.com/,
Curtis Moore Contracts Limited,https://www.curtismoore.co.uk/,
Scotwood Interiors Ltd.,http://www.scotwood.com/,
The Joinery Workshop (Orpington) Ltd,https://www.joinery-workshop.com/,
CTN Exhibitions Ltd,https://ctn-uk.com/,
Alfred Bagnall & Sons (Midlands) Limited,https://www.bagnalls.co.uk/,
VGV Façades UK Ltd,https://vgv-facades.com/,
Sky-Frame Limited,https://www.sky-frame.com/en/,
Merit Glazing Solutions Limited,https://www.themeritgroup.co.uk/glazing-solutions/,
Alfred Bagnall & Sons (Restoration) Limited,https://www.bagnalls.co.uk/branches/cleckheaton/,
Watson and Lyall Limited,https://watsonandlyall.co.uk/,
Junkyard Golf Club (Workshop) Ltd,https://www.junkyardgolfclub.co.uk/,
Vector-Foiltec Limited,https://lightspanetfe.com/,
Fatra U.K. Limited,http://www.fatra.co.uk/,
ICB (Waterproofing) Ltd,http://www.icb.uk.com/,
Glebe Fencing Limited,https://glebefencing.co.uk/,
Testing Installation Correlation Services (Global) Limited,https://www.trackwork.co.uk/,
Woodbourne Ventures (SC) Ltd,https://woodbournegroup.com/,
Harvey Cooper Cars Limited,https://www.harveycoopercars.co.uk/,
Dumpton Park Garage Limited,https://www.dumptonpark.co.uk/,
Paul Price (Kingsway) Limited,https://www.paulpricecars.co.uk/,
Farmer Autocare North Limited,https://www.farmerautocare.com/,
F.W. Abbott Limited,http://fwabbott.co.uk/,
BP Rolls (Newport) Limited,http://www.bprolls.co.uk/,
Ocean Automotive (Bodyshops) Limited,http://www.oceanautomotive.co.uk/,
Spectrum Vehicle Repairers (Kent) Limited,http://www.spectrumvr.co.uk/,
Plantexpand Limited,http://www.plantexpand.com/,
Trac Engineering Limited,https://tracengineering.com/,
Trumbar Truck Care Limited,https://bartrums.com/,
Spectrum Vehicle Repairers (Essex) Limited,https://www.spectrumvr.co.uk/,
Halliwell Jones (Wilmslow) Bodyshop Limited,https://www.halliwelljoneswilmslowbmw.co.uk/,
J Lewis (Auto Electrical) Limited,https://www.jlae.co.uk/,
L & I Eaton Limited,https://www.lieaton.co.uk/,
Serenco (UK) Limited,http://www.serenco.co.uk/,
HKS Europe Limited,http://www.hkseurope.com/,
EVBox UK & Ireland Limited,https://evbox.com/uk-en,
BP Commercials Limited,http://www.bpcommercials.com/,
F W Morgan (TBS) Limited,http://www.fwmorgan.com/,
Kakinuma (Europe) Limited,https://www.kakinuma-grp.co.uk/,
Scoffs (Miss Millies) Limited,https://scoffs-group.co.uk/,
Demos Ciclitira Limited,https://demos-uk.com/,
Garden of Elveden Limited,https://www.gardenofelveden.com/,
Lactalis (UK) Limited,http://www.lactalis.co.uk/,
Eurowines Limited,https://www.eurowines.co.uk/,
Snowden and Company (Cardiff) Limited,https://www.snowdens-cardiff.co.uk/,
Targeter (UK) Limited,https://www.targeter.net/,
Kobe UK Limited,http://www.kobe.eu/,
Chase Erwin Limited,https://chase-erwin.com/,
Shoe The Bear UK Limited,https://shoethebear.co.uk/,
Murray Uniforms Ltd,https://www.murrayuniforms.com/,
RSN.UK Limited,https://www.riedel.com/,
Perfume Supplies Limited,http://www.perfumesupplies.co.uk/,
Hemodia UK Ltd,https://www.hemodia.com/en,
Strings & Things Limited,https://www.stringsandthings.co.uk/,
Axiomtek UK Limited,http://www.axiomtek.co.uk/,
Aiphone UK Limited,https://www.aiphone.co.uk/,
EDAC (Europe) Limited,http://edac.net/,
Charterhouse Turf Machinery Limited,http://www.redexim.com/uk,
Emak UK Limited,https://www.oleo-mac.co.uk/,
Delden Machinery Limited,http://www.deldencranes.co.uk/,
Edding (U.K.) Limited,https://www.edding.com/en-uk/,
Obara Corp. Limited,https://obara.co.uk/,
Rekers (U.K.) Limited,https://www.rekers.de/en/,
Rheavendors UK Ltd,https://www.rheavendors.co.uk/,
Saveco Environmental Limited,http://www.saveco-water.co.uk/,
Abicor Binzel (U.K.) Limited,https://www.binzel-abicor.com/UK/eng/,
Rems (U.K.) Limited,http://www.rems.de/,
J.A.K Marketing Limited,https://www.jakmarketing.co.uk/,
Rearo Supplies Limited,http://www.rearosupplies.co.uk/,
Ampere UK Limited,https://shop.amperesystem.co.uk/,
Wedi Systems (UK) Limited,https://www.wedi.net/uk/,
RGB Facades Limited,https://www.rgbfacades.co.uk/,
Sparwindows Ltd.,https://www.sparwindows.co.uk/,
Pittsburgh Corning (United Kingdom) Limited,http://www.foamglas.co.uk/,
IV Produkt Limited,https://www.ivprodukt.com/,
Navien UK Ltd,https://navien.co.uk/,
Weishaupt (U.K.) Limited,https://www.weishaupt.co.uk/,
Riverside Aromatics Limited,https://riversidearomatics.com/,
Forchem Ltd.,https://www.forchem.com/,
Wunder-Bar Dispensing UK Limited,https://wunderbardispensing.co.uk/,
Jaga Heating Products (UK) Limited,https://jaga.co.uk/,
Gerrards Precious Metals (UK) Limited,http://gerrardsonline.co.uk/,
Wild Water Transport Limited,https://www.wildwatergroup.com/,
Testbourne Limited,https://www.testbourne.com/,
Holme Dodsworth (Rock Salt) Limited,https://www.holmedodsworth.com/,
Harvard University Press Limited,https://www.hup.harvard.edu/,
Lanogreen UK Limited,https://lanogreen.com/,
Cheerful Links (Manchester) Limited,https://cheerfullinks.com/,
NMA (Enterprises) Limited,https://thenma.org.uk/,
TFC Camberwell Limited,https://tfcsupermarket.com/,
Staffordshire Wildlife Trading Limited,https://www.staffs-wildlife.org.uk/,
Kosher Deli (Manchester) Limited,http://www.kosherdeli.co.uk/,
Kosher Deli (Borehamwood) Limited,https://kosherdeli.co.uk/,
Whirlow Hall Farm Limited,https://www.whirlowhallfarm.org/,
Auld's Catering Limited,https://www.aulds.co.uk/,
Jaldma Limited,https://www.mcswiggans.co.uk/,
Jeroboams Shops Limited,http://www.jeroboams.co.uk/,
Sally Clarke (Westbourne Grove) Limited,https://www.sallyclarke.com/,
Laderach (UK) Limited,https://laderach.com/uk-en/,
Black Sheep Coffee Franchising Limited,https://leavetheherdbehind.com/,
Biogaia UK Limited,https://uk.biogaia.com/,
Graviss UK PVT Ltd,https://www.gravissuk.co.uk/,
Creightons of Blacks Road Ltd,https://www.creightons.co.uk/,
Zimmer + Rohde U.K. Limited,https://www.zimmer-rohde.com/en/,
Benjamin Moore UK Limited,http://www.benjaminmoorepaint.co.uk/,
Eguchi Iwao Europe Limited,https://www.eguchi-iwao.co.uk/,
Fineweave Carpets Limited,https://www.fineweave.co.uk/index.html,
Eurocave Importers Limited,https://www.eurocave.co.uk/,
Moooi UK Limited,https://www.moooi.com/uk,
Carl Hansen & Son UK Limited,https://carlhansen.com/en,
Roundhouse (Nightingale Lane) Limited,https://roundhousedesign.com/,
South Devon Railway Retail and Catering Limited,https://www.southdevonrailway.co.uk/,
Sanlorenzo Yachts Limited,http://www.sanlorenzoyachts.co.uk/,
Bonpoint UK Limited,https://uk.bonpoint.com/,
Suit Supply UK Limited,https://suitsupply.com/,
Agnes B. U.K. Limited,https://www.agnesb.com/en-uk,
Peter Buckley Limited,https://www.peterbuckley.co.uk/,
Avicenna Holdings Ltd,https://members.avicenna.org/contact-us/,
Swallow Aquatics (Colchester) Limited,https://www.swallowaquatics.co.uk/,
Xupes Handbags & Jewellery Ltd,https://www.xupes.com/,
David Yurman UK Limited,https://www.davidyurman.com/,
Dove House Trading Limited,https://www.dovehouse.org.uk/,
Ty Hafan Trading Limited,https://www.tyhafan.org/,
Wedding Presents Direct Limited,http://www.weddingpresentco.com/,
Sandiland Sheep Fold Ltd,https://www.sheepfold.co.uk/about-sheepfold/terms-conditions/,
Acc-Sel Genetics Limited,https://www.wwsires.co.uk,
Halley Stevensons (Dyers & Finishers) Limited,https://halleystevensons.co.uk,
Timber Windows.com Limited,https://www.timberwindows.com,
B J Chant & Sons Limited,http://www.bjchant.co.uk,
B S Polythene Limited,https://bspolythene.co.uk,
APS Metal Pressings Limited,https://www.apsmith.co.uk,
Permat Machines Limited,https://www.permat.com,
Seminar Components (U.K.) Limited,https://seminar-components.co.uk,
Itech (Scotland) Ltd.,http://www.itechbw.co.uk/,
The Widd Group Limited,https://www.widdsigns.co.uk,
Scaglia Indeva Limited,https://indevagroup.co.uk,
Denne Joinery Limited,https://dennejoinery.co.uk,
Rotho Blaas UK Ltd,https://www.rothoblaas.com,
Quercia Limited,https://www.quercialtd.co.uk,
Lioncourt Homes (Development No. 12) Limited,https://www.lioncourthomes.com,
Oakmere Homes (Cumbria) Limited,https://www.oakmerehomes.co.uk,
R.H. Fullwood & Co Limited,https://www.rhfullwood.co.uk,
Clydebank Property Company Limited,https://www.clydeproperty.co.uk,
BHM Construction International (UK) Ltd,https://www.bhmconstruction.com,
Capital Garage Doors Limited,https://www.capitalgaragedoors.co.uk,
E & H Drylining & Plastering Limited,https://ehdryliningsw.co.uk,
Nolte Kitchens Retail Limited,https://nolte-kitchens.co.uk,
John L Lord & Son (Rizistal) Limited,https://www.john-lord.com,
Langley Roofing Solutions Limited,https://www.langley.co.uk,
Ongo Roofing Limited,https://www.ashbridgeroofing.co.uk,
Truframe Trade Centres Limited,https://www.truframe.co.uk,
Green Parts Specialists (Dumfries) Ltd,https://www.green-parts.co.uk,
Collins Group International Limited,https://www.collinsongroup.com,
BP Rolls (Maxus) Limited,https://bprollsmaxus.co.uk,
ECU Testing Ltd,https://www.ecutesting.com,
Tox-Pressotechnik Limited,https://uk.tox-pressotechnik.com,
Eurofresh Evesham Limited,https://euro-fresh.co.uk/,
Foodbridge FSG (GB) Limited,http://www.foodbridge.uk,
Rhumveld UK Limited,https://rhumveld.com,
Riviera Home (UK) Limited,https://www.rivierahomeuk.co.uk,
Pay Per Week Carpets and Beds Limited,https://payweeklycarpets.co.uk,
Instrotech Holdings Limited,https://instrotech.com,
H.E.S. Sales Limited,https://www.hes-sales.com,
Brooke Biomass Limited,https://www.brookeenergy.co.uk,
Cronifer UK Limited,https://www.cronifer.co.uk,
Panzer (Delicatessen) Limited,https://panzers.co.uk,
Vista 4 Limited,https://vistasupport.com,
Ayrshire Food Hub Ltd,https://crossroadshub.org.uk,
A & B Catering Butchers Limited,https://www.abcateringbutchers.org.uk,
Poilane Ltd,https://poilane.co.uk,
CDL Chocolate Ltd,https://www.lechocolat-alainducasse.com/,
Cookhouse Design York Ltd,https://www.cookhousedesignyork.co.uk,
Haglofs UK Limited,https://www.haglofs.com,
Giuseppe Zanotti Retail Limited,https://www.giuseppezanotti.com/us,
Dunluce Pharmacy Limited,https://dunlucepharmacy.com,
Repossi UK Ltd.,https://intl.repossi.com/en-us,
PDSA Trading Limited,https://www.pdsapetstore.org.uk/,
Kent Antiques Limited,https://www.kentantiques.com,
Westway CT Trading Limited,https://westwayct.org.uk,
Erewash Community Transport Limited,https://www.erewashct.com,
Jan de Rijk Transport Limited,https://www.janderijk.com,
Clark and Rose (Removals) Limited,https://www.clarkandrose.co.uk,
Cave Liquid Haulage Limited,http://www.caveliquidhaulage.uk,
The Old Red Lion Hotel (Atherstone) Ltd,https://www.redlionatherstone.co.uk,
Pentney Country Club Limited,https://pcctcp.co.uk/,
Fratelli (Belfast) Ltd,https://www.fratellibelfast.com,
Bob & Berts Perth Limited,https://bobandberts.co.uk,
Shoryu Liverpool Street Ltd,https://www.shoryuramen.com,
Vibrance Pathways to Employment Community Interest Company,https://www.vibrance.org.uk,
Compass Group Procurement Limited,https://www.compass-group.co.uk,
The Goldsmiths' Centre Events C.I.C.,https://www.goldsmiths-centre.org,
Abbeycroft Enterprises Limited,https://www.abbeycroft.org.uk,
Framlingham College Enterprises Limited,https://www.framlinghamcollege.co.uk,
Smart Hospitality Manchester Limited,https://www.smartuk.net,
The Queen's Hall (Edinburgh) Catering Limited,https://www.theedinburghcateringcompany.co.uk,
The Avalon Clapham Ltd,https://www.theavalonlondon.com,
Neos SPV 1 Ltd,https://neosnetworks.com,
Glendola Leisure 2 Limited,https://glendolaleisure.co.uk,
Students' Union Services (East Anglia) Limited,https://uea.su,
The Red Lion (WHG) Limited,https://www.greeneking.co.uk/pubs/hampshire/red-lion/feedback-survey,
The Bolingbroke Pub Ltd,https://www.thebolingbroke.com,
The Prescot Reform Club Limited,https://www.reformclub.com,
The Upminster Masonic Hall Limited,https://thesquareatupminster.co.uk,
Nottingham Playhouse Trading Limited,https://nottinghamplayhouse.co.uk,
Inglenook Inns & Taverns Ltd,https://inglenookinns.com,
Boom Battle Bar Cardiff Ltd,https://boombattlebar.com/uk/cardiff/,
Number 63 Hotel Limited,https://hotel63.co.uk,
Incipio Canary Wharf Limited,https://www.incipio-group.co.uk,
NQ64 Edinburgh Ltd,https://nq64.co.uk/edinburgh/,
The Pioneer (City) Pub Company Limited,https://www.citypubcompany.com,
Enthuse Ventures Limited,https://enthuse.com,
Old World Productions Limited,https://oldworld.productions,
Rapita Systems Limited,https://www.rapitasystems.com,
Metadata Technology Ltd,https://www.metadatacorp.com,
Metasphere Limited,https://www.metasphere.co.uk,
IBD Registry Limited,https://ibdregistry.org.uk,
AEVI UK Limited,https://aevi.com,
Summit Trust Company Ltd,https://www.summit-group.com,
Mallowstreet Limited,https://mallowstreet.com,
Ivy Care Homes 1 Limited,https://www.ivycarehomes.co.uk,
Fin-Ex Property No.6 (UK) Limited,https://fin-ex.com,
New Walk Property Management C.I.C.,https://www.newwalkcic.co.uk,
Castle Cavendish Limited,https://castlecavendish.org.uk,
The National Council for Civil Liberties,https://www.libertyhumanrights.org.uk,
McCarthy Denning Limited,https://www.mccarthydenning.com,
Dentons Middle East Limited,https://www.dentons.com/en/,
Lester Aldridge Trust Corporation Limited,https://www.lesteraldridge.com,
Asylum Support Appeals Project,https://www.asaproject.org,
Kedleston (Olsen House Holdings) Limited,https://www.kedlestongroup.com,
Cara Advisory Limited,https://www.caraadvisory.com,
Fusion Project Management Limited,https://fusion-pm.co.uk,
Amaris Consulting UK Ltd,https://amaris.com,
L Marks Limited,https://lmarks.com,
AHP Architects and Surveyors Limited,https://ahparchitects.com/,
Witteveen+Bos UK Limited,https://www.witteveenbos.com,
Radonova Scientific Ltd,https://radonova.com,
Tyne Pressure Testing Limited,https://tynepressuretesting.com,
The George Institute for Global Health (UK),https://www.georgeinstitute.org.uk,
Hawk Platform Ltd,https://hawk-tech.io,
FG Library Products Limited,https://fglibrary.co.uk,
South West Peninsula AHSN Limited,https://healthinnovationsouthwest.com,
TVM UK Animal Health Ltd,https://www.tvm-uk.com,
K P H (Plant Hire) Limited,https://kphplanthire.co.uk,
Harnham Europe Limited,https://www.harnham.com,
MBWL International Limited,https://mbwl-int.com,
Ace Fire & Security Systems Ltd,https://www.acefire.co.uk,
D'Eynsford Tenant Management Organisation C.I.C.,https://deynsford.org,
Indepth Hygiene Services Limited,https://indepthservices.co.uk/,
Buchen-ICS Limited,https://www.buchen-ics.co.uk,
GSF (London) Ltd,https://www.gsf-uk.com,
RESC Limited,https://www.repic.co.uk,
Anderton Centre - LOAI Limited,https://andertoncentre.co.uk,
Bromley Youth Music Trust,https://www.bymt.co.uk,
Harpurs Hill Children and Family Centre Limited,https://www.harpurshillcfc.co.uk,
Clyde Marine Training Limited,https://www.clydemarinetraining.com,
Shannon Trust,https://www.shannontrust.org.uk,
St. George's Hospital Limited,https://www.stgeorgescare.co.uk/contact/,
IVI London Wimpole Ltd,https://www.ivi.uk/clinics/london/,
Curaden (UK) Limited,https://curaden.co.uk,
DB Orthodontics Limited,https://dbortho.com,
Indental Practice Limited,https://riverdalehealthcare.com/indentalpractice/,
Fresenius Medical Care Renal Services (SS) Limited,https://www.freseniusmedicalcare.co.uk/,
Alivecor Limited,https://www.alivecor.co.uk,
Ellen MacArthur Cancer Trust,https://www.ellenmacarthurcancertrust.org,
Shaw Healthcare (North Somerset) Limited,https://www.shaw.co.uk,
Stow Healthcare (MC) Limited,https://stowhealthcare.co.uk,
Simon Community Scotland,https://www.simonscotland.org,
AJEX - The Jewish Military Association,https://www.ajex.org.uk,
Pilotlight,https://www.pilotlight.org.uk,
Leeds Citizens Advice Bureau,https://citizensadviceleeds.org.uk,
Plymouth Citizens Advice Bureaux,https://www.citizensadviceplymouth.org.uk,
Compass Fostering East Limited,https://www.compassfostering.com,
The Switchback Initiative,https://switchback.org.uk,
Skills for Care Solutions Limited,https://www.skillsforcare.org.uk/,
National Theatre of Scotland Productions Ltd,https://www.nationaltheatrescotland.com,
Psycle (Shoreditch) Limited,https://psyclelondon.com,
Midland Flyfishers Limited,https://www.midlandflyfishers.co.uk,
Ninja Leisure UK Liverpool Ltd,https://ninjawarrioruk.co.uk/liverpool/,
Treetop Trek Limited,http://www.treetoptrek.com,
The UK Interactive Entertainment Association Limited,https://ukie.org.uk,
Agape Ministries Limited,https://www.agapeministries.co.uk,
Celebration of Life Funerals Limited,https://www.col.co.uk,
Greenacres Kemnal Park Limited,https://www.greenacresgroup.co.uk/kemnal-park/,
Action for Kids Charitable Trust,https://www.afkcharity.org,
Hyde Charitable Trust,https://www.hyde-housing.co.uk,
Cosnova UK Limited,https://www.cosnova.com/en,
Storegga Services Limited,https://storegga.earth,
SSAFA CMS Limited,https://www.ssafa.org.uk,
A.K. Lander Limited,https://www.aklander.co.uk,
Albanwise Limited,http://www.albanwise.co.uk/,
Howden Enterprises Ltd,https://hughesgroup.ltd/,
EU Plants Limited,http://euplants.com/,
A.R. Richards Limited,https://www.arrichards.co.uk/,
Kosher Deli (UK) Limited,https://kosherdeli.co.uk/,
Peter Gradon Meat and Poultry Marketing Limited,http://www.gradons.uk.com/,
K & G McAtamney (Wholesale Meats) Limited,https://kgmcatamney.com/,
K. Hughes & Co. Limited,https://hughesgroup.ltd/,
Heataction Limited,https://www.destinyfoods.com/,
Kirtons Bakery Limited,http://www.kirtonsbakery.co.uk/,
Thomas of York Limited,https://www.thomasthebaker.co.uk/,
Zafron Foods Limited,https://www.zafronfoods.co.uk/,
Pecan Deluxe Candy (Europe) Limited,https://pecandeluxe.com/uk/,
Thomas Hutchinson and Sons Limited,https://www.hutchinsonsfeeds.com/,
Harvest Pet Products Ltd,https://www.harvestpetproducts.com/,
Glasgow Whisky Limited,https://www.glasgowwhisky.com/,
A.W. (Europe) Limited,https://www.carpetyourlife.com/,
S B Joinery (UK) Limited,https://www.sbjoinery.co.uk/,
Smartroof Limited,https://smartroof.co.uk/,
Nicklin Transit Packaging Limited,https://www.nicklin.com/,
Diamond Corrugated Cases Limited,http://www.diamondcorr.com/,
International Direct Packaging Limited,https://idpdirect.com/,
CCL Label Ireland Limited,https://ccllabel.com/,
Lion-FPG Limited,http://www.lionfpg.co.uk/,
Buxton Press Limited,http://buxtonpress.com/,
BIP (Oldbury) Limited,https://www.bip.co.uk/,
Tricel (Weston) Limited,https://tricelwater.co.uk/,
Yanco Limited,https://www.yanco.co.uk/,
Carvansons Ltd,http://www.carvansons.co.uk/,
Chemence Limited,https://chemence.com/,
Apollo Chemicals Limited,https://www.hbfuller.com/en,
Elite Plastics Limited,https://www.eliteplastics.co.uk/,
Titon Hardware Limited,http://www.titon.com/,
Petford Tools Limited,https://petfordgroup.co.uk/,
BCA Leisure Ltd,https://bcagroup.co.uk/,
Tricel (Gloucester) Limited,https://tricel.co.uk/,
Inpress Precision Ltd,http://inpress.info/,
Big Bear Plastic Products Limited,https://www.bigbearplastics.com/,
Centristic Limited,http://centristic.co.uk/,
Pearl Window Systems Limited,https://www.pearlwindows.co.uk/,
Turnspeed Precision Engineering Company Limited,http://www.turnspeed.co.uk/,
Firsteel Limited,https://www.firsteel.co.uk/,
Hy-Ram Engineering Company Limited,http://www.hyram.com/,
E.J. Bowman (Birmingham) Limited,https://ej-bowman.com/,
Velden Engineering (U.K.) Ltd,http://www.veldenengineering.co.uk/,
MNB Precision Limited,http://www.mnbprecision.com/,
Springmasters Limited,https://www.springmasters.com/,
Bollhoff Limited,https://www.boellhoff.com/de-en/,
Rack Systems (Engineering) Ltd.,https://www.racksystems.co.uk/,
H.V.C. Supplies (Stourbridge) Limited,http://www.h-v-c.com/,
Merefield's Electronics Limited,https://merefields.com/,
GSPK Circuits Limited,https://www.gspkcircuits.ltd.uk/,
OSI Electronics (UK) Ltd,https://www.osi-electronics.uk/,
Rota Limited,https://www.rota-ltd.com/contact,
Vehicle Weighing Solutions Limited,https://www.vwsltd.co.uk/,
Logopak International Limited,https://www.logopak.co.uk/,
Pico Technology Limited,https://www.picotech.com/,
Bridges (Electrical Engineers) Limited,https://bridgesltd.co.uk/,
AMO Special Cables Limited,https://amokabel.com/en,
Mode Lighting Limited,https://www.modelighting.com/,
QVIS Lighting & Security Limited,https://qvis.co.uk/,
Interroll Limited,https://www.interroll.com/,
Sheridan Lifts Limited,https://www.sheridanlifts.com/,
JMC Packaging Limited,https://www.jmcpackaging.co.uk/,
Rochester Sensors UK Limited,https://www.rochestersensors.co.uk/,
Violegen Limited,https://violegen.com/,
McCauley Trailers Ltd,http://www.mccauleys.co.uk/,
Crossland Tankers (Burnley) Limited,https://crosslandtankers.com/,
Purem Cowley Limited,https://www.eberspaecher.com/en/worldwide/great-britain,
K.S. Composites Limited,https://www.kscomposites.com/,
Tecniq Ltd,https://tecniq.co.uk/,
Moffett and Sons Limited,https://www.moffett.co.uk/,
W. Oliver (Exorna) Limited,https://exorna.co.uk/,
Knightsbridge Furniture Productions Limited,https://www.knightsbridge-furniture.co.uk/,
Cobra Industries Limited,https://www.harrowsdarts.com/,
Sterimedix Limited,https://sterimedix.com/,
W & H (UK) Limited,http://www.wh.com/en_uk/,
SFC (Europe) Ltd,https://www.sfc-europe.com/,
Hamblys Limited,https://hamblys.claas-dealer.co.uk/,
Associated Security Solutions Limited,https://www.associatedsecurity.co.uk/,
McAllister Bros Limited,https://mcallistergroup.com/,
Datashredders Group Limited,https://www.datashredders.co.uk/,
W & S Waste Management Limited,http://www.wsrecycling.co.uk/,
Datashredders Limited,https://www.datashredders.co.uk/cambridge/,
Central Waste (UK) Ltd,https://nottinghamskip.com/,
Recycling Management Limited,https://recyclingmanagement.com/,
VWP Waste Processing Limited,https://www.vwpwp.com/,
Volker-Gruppe Limited,https://www.volker-gruppe.com/,
Stave-Con Limited,https://www.stave-con.co.uk/,
W.B. Griffiths & Son Limited,https://wbgriffiths.co.uk/,
Lotus Homes (UK) Limited,https://www.lotushomes.com/,
Mayo Civil Engineering Limited,https://mayocivils.com/,
Conservation Builders Limited,https://www.conservationbuilders.co.uk/,
Menta Regeneration II Limited,http://www.menta.co.uk/,
Hannafin Contractors Limited,https://www.hannafin.co.uk/,
Alskea Ltd,https://www.alskea.com/,
Norcon Construction Ltd,https://norconconstruction.co.uk/,
A. & E. Elkins Limited,https://www.elkinsconstruction.co.uk/,
O'Hanlon & Farrell Contracts Ltd,http://www.ohanlonfarrell.com/,
Pert Bruce Construction Limited,https://www.pertbruce.co.uk/,
C. Wynne & Sons Limited,http://www.wynneconstruction.co.uk/,
Kitchen Civils Limited,https://www.kitchencivils.co.uk/,
Fox Building & Engineering Ltd,https://www.fox-contracts.com/,
Active Tunnelling Limited,http://www.activetunnelling.com/,
Reach Active Limited,http://www.reachactive.com/,
Ovenden Earthmoving Co Ltd,https://www.ovenden.biz/,
Hampsey Limited,http://www.hampseyltd.com/,
Macdonald Groundworks Ltd,https://www.mglcontractors.com/,
R.J. Howard Engineers Limited,https://rjhoward.co.uk/,
M & A Doocey Civil Engineering Limited,http://www.dooceygroup.co.uk/,
Agetur (U.K.) Limited,https://www.agetur.co.uk/,
LMD Vacuum Excavation Limited,http://lmdvacuumexcavation.co.uk/,
C Watkins Plumbing Limited,https://watkins.co.uk/,
Halsion Limited,http://www.halsion.com/,
ARH Group Limited,https://arh-group.co.uk/,
Stothers (M. & E.) Limited,https://stothersm-e.co.uk/,
F B Taylor (Cable Contractors) Limited,http://www.fbtaylor.co.uk/,
Antrim Electrical & Mechanical Engineers Limited,https://www.aem-ltd.com/,
Dyson Energy Services Ltd.,https://dysonenergyservices.co.uk/,
C-URB 6 Ltd,https://www.curb.scot/,
Yorkshire Building Services Limited,http://www.ybsltd.co.uk/,
Midwest Mechanical and Electrical Services Limited,https://midwest.co.uk/,
800 Limited,https://www.800group.net/,
YBS Holdings Limited,https://ybsltd.co.uk/,
E Plan Energy Limited,http://www.eplanenergy.com,
H & A Mechanical Services Limited,https://thehagroup.com/,
Nigel Smith Plumbing and Mechanical Services Ltd,https://nsmithplumbing.co.uk/,
Box & Charnock Limited,https://boxcharnock.com/,
Togel Contractors Limited,https://togel.co.uk/,
Rilmac Insulation Limited,http://www.rilmac.co.uk/insulation/,
Walsin Limited,https://www.walsin.co.uk/,
Flynn Interiors Limited,https://flynninteriors.co.uk/,
Permaroof (UK) Limited,https://www.permaroof.co.uk/,
Kilhan Construction Ltd,https://kilhan-construction.co.uk/,
Forsyth of Denny Limited,http://www.forsythofdenny.co.uk/,
Mark One Hire Limited,https://www.mark1hire.co.uk/,
M. Clarke & Sons Contracts Limited,https://mclarke.co.uk/,
ABS Brymar Floors Limited,https://www.absbrymarfloors.co.uk/,
Tynlon Garage Limited,https://www.tynlon.co.uk/,
M53 Motors Limited,https://www.groupm53.co.uk/,
Richmond Cars (Botley) Ltd,https://www.richmondmotorgroup.com/,
Windsors (Wallasey) Limited,https://www.windsors.uk.com/,
Stewart Longton Caravans Limited,http://www.stewartlongton.co.uk/,
Edward P. Wright Ltd.,https://www.eddiewright.co.uk/,
Watts Truck & Van Limited,https://www.wattstvc.co.uk/,
Paul McGowan Grab Hire Limited,http://paulmcgowan.co.uk/,
Hilton Limited,https://hiltonaccidentrepair.co.uk/,
LVW Group Limited,https://www.lvw-parts.co.uk/,
Cambrian Tyres Ltd.,https://www.cambriantyres.co.uk/,
Rider Motorcycles Limited,https://www.wheelsmotorcycles.co.uk/,
Michael Weinig (UK) Limited,http://www.weinig.co.uk/,
Henley Bridge Ingredients Limited,https://hbingredients.co.uk/,
Sykes House Farm Limited,https://www.sykeshousefarm.co.uk/,
Baird Foods Limited,https://bairdfoods.co.uk/,
Libra Drinks Wholesale Limited,https://www.libradrinks.co.uk/,
Yeoh Saxton-Pizzie Limited,https://www.wholegood.co.uk/,
Icefresh Foods Limited,https://www.icefresh-foods.co.uk/,
Top Active Ltd,http://www.hatov.com/,
Direct Wholesale Foods (London) Limited,https://directwholesalefoods.com/,
Vesey UK Limited,https://veseyuk.com/,
Ian A Kernohan (NI) Limited,http://www.iakonline.com/,
D&M Audiovisual Ltd,https://www.denon.com/en-gb/,
F.D.D. International Limited,https://www.fddinternational.co.uk/,
Refy Beauty Ltd,https://refybeauty.com/,
Intermedical (UK) Ltd,https://www.intermedical.co.uk/,
Ypsomed Limited,http://www.ypsomed.co.uk/,
Pharmacy Supplies Limited,https://www.pharmacy-supplies.com/,
The Furnishing Service Limited,http://www.tfs.direct/,
Dean Electrical Wholesale Ltd.,https://www.deanelectrical.co.uk/,
ACS Technology Group Ltd,https://www.acsgroup.co.uk/,
Greensafe IT Limited,https://greensafeit.com/,
Puretech Electrical Products Ltd,https://puretechsecurity.co.uk/,
Power Electronics Corp UK Ltd,https://www.power-electronics.org.uk/,
R.F.S. (UK) Limited,https://www.rfsworld.com/,
ISN Europe Limited,https://www.isn-europe.co.uk/,
Lloyd & Jones Engineers Limited,https://www.lloyd-jones.com/,
Wera Tools (UK) Limited,http://www.wera-tools.co.uk/,
U.K.F. Stainless Limited,https://www.ukf-group.com/,
Hill Steels Limited,http://www.hillsteels.com/,
NSI Group Limited,https://www.nsigroup.co.uk/,
Azpects Limited,https://www.azpects.co.uk/,
Tozerplan Limited,http://www.ealingboardsandtimber.co.uk/,
Danfast Limited,http://www.danfast.co.uk/,
"B. Danby & Co, Limited",https://danbys.co.uk/,
B.E.S. Limited,https://www.bes.co.uk/,
Lawrence Industries Limited,https://www.l-i.co.uk/,
Ram Tubulars Scotland Limited,https://www.ramtubulars.co.uk/,
European Toughened Glass (UK) Limited,http://www.europeanglass.co.uk/,
Lagan Building Solutions Limited,https://lbsproducts.com/,
O'Neill Wetsuits Limited,http://www.oneill.com/gb/en/,
Gemex Limited,http://www.theraphaelcollection.com/,
GHSL Ltd,https://ghsl.uk/,
Goulds (Dorchester) Limited,http://www.gouldsstores.co.uk/,
JYSK Limited,https://jysk.co.uk/,
Freshstores Limited,https://www.cadbury-outletshops.co.uk/,
Morgan Fuel & Lubes Limited,https://morganfuels.com/,
Hills of Lakeland Limited,http://www.hillsoflakeland.co.uk/,
C & S Builders Merchants (Stamford Hill) Limited,http://www.csbuildersmerchants.co.uk/,
Armatile Limited,https://www.armatile.com/,
Euro Cucina Limited,https://www.euro-cucina.com/,
Weatherbeeta Limited,http://www.weatherbeeta.co.uk/,
123 Retail Limited,https://www.modainpelle.com/,
Public Desire Limited,https://www.publicdesire.com/,
Poplar Nurseries Limited,http://www.poplarnurseries.co.uk/,
Sladmore Gallery Limited,http://sladmore.com/,
Lamont Stone Limited,https://www.lamontstone.com/,
Big Style Fashions Limited,https://www.bigdudeclothing.co.uk/,
Plodit Limited,https://thebookbundle.com/,
USB International Limited,http://www.usbinternational.com/,
OMG How Cheap Ltd,https://www.omghowcheap.co.uk/,
Fairway of Course Limited,https://www.golfonline.co.uk/,
Reays Coaches Limited,http://www.reays.co.uk/,
Perthshire Glazing Co. Limited,https://mcleodglaziers.co.uk/,
Green Tomato Cars Limited,https://www.greentomatocars.com/,
Brunel Carriage Limited,https://www.brunel.com/,
R Barkley & Sons Limited,http://www.rbarkley.net/,
DR & FA Ford Transport Limited,https://www.drford.co.uk/,
Lime Logistics Limited,https://lime-logistics.co.uk/,
Fly By Nite Conferences Limited,https://www.flybynite.co.uk/,
J. Fisher & Sons Limited,https://www.jfisherandsonsltd.com/,
Cosco Shipping Crystal Logistics (UK) Company Limited,https://www.cosco-logistics.co.uk/,
Bimson Haulage Limited,https://bimson.co.uk/,
M.T.S Logistics Limited,https://mtslimited.com/,
Freight Transport Limited,https://freighttransport.co.uk/,
Cosco Shipping Lines (UK) Limited,https://www.cosco.co.uk/,
Clugston Distribution Services Limited,http://clugston.co.uk/,
The London Heliport Limited,http://www.londonheliport.co.uk/,
UK Storage Company (SW) Limited,https://www.ukstoragecompany.co.uk/,
Scorpio UK Limited,http://www.scorpiogroup.net/,
Suites Hotel Knowsley Limited,https://suiteshotelgroup.com/,
Craigantlet Farms Limited,https://www.lamon.co.uk/,
Loughview Templepatrick Hotel Limited,http://loughviewleisure.com/,
Telford Hotel Limited,https://www.telfordhotelgolfresort.co.uk,
Loughview Leisure Group Limited,https://www.loughviewleisure.com/,
Suites Hotel Holding Limited,https://suiteshotelgroup.com/,
Provenance Hotels Limited,https://www.provenanceinns.com/,
Bed Factory Hotels Limited,https://bedfactorydirect.co.uk/,
Burgh Island Limited,http://www.burghisland.com/,
Elmoreton Limited,https://www.brunswickmoviebowl.com/,
Provenance Inns Limited,https://www.provenanceinns.com/,
Holgates (Caravan Parks) Limited,https://www.holgates.co.uk/,
Hallmark Healthcare (Holmewood) Limited,http://www.hallmarkhealthcare.co.uk/,
Commercial Court Inns Limited,http://www.procatering.co.uk/,
Sherwood Restaurants Ltd,http://www.mcdonalds.co.uk/,
Fortuna Enterprises Limited,http://www.fortuna.lk/,
Baa Bar Limited,http://www.baabar.co.uk/,
Eagle-Glen Limited,http://www.gleneagleadv.com/,
Arcturus Publishing Limited,http://www.arcturuspublishing.com,
Label Worx Limited,https://labelworx.com/,
Aveva UK 1 Limited,https://www.aveva.com/en/contact/,
Lip Sync Post Limited,http://www.lipsyncpost.co.uk/,
FLR Spectron Limited,https://www.flrs.co.uk/,
Bistech PLC,https://bistech.co.uk/,
Aveva Finance Limited,https://www.aveva.com/,
Digitally Inspired Ltd,https://digitallyinspired.com/,
Be Valued Limited,http://www.bevalued.co.uk/,
Aveva Financing Limited,https://www.aveva.com/,
Ingenta UK Limited,https://www.ingenta.com/contact-us/,
BluJay Solutions Ltd,https://www.blujaysolutions.com/,
Board M.I.T. Limited,https://www.board.com/en,
Quorum Network Resources Ltd.,https://www.qnrl.com/,
Right Digital Solutions Limited,https://www.rightdigitalsolutions.com/,
BCN Group (Leeds) Ltd,https://bcn.co.uk/,
Macs EU Limited,https://macs.eu/contact/,
BCN Group Ltd.,https://bcn.co.uk/,
Platform Smart Limited,http://www.smartplatforms.co.uk/,
Mumsnet Limited,https://www.mumsnet.com/,
IGXGlobal UK Limited,http://igxglobal.com/,
Cheshire Datasystems Limited,https://www.cdl.co.uk/,
Bolt Services UK Limited,https://bolt.eu/en/cities/london/,
CDL Production Services Limited,http://www.cdl.co.uk/,
Vision33 Limited,https://www.vision33.com/en/,
Inspired Technology Services Limited,https://www.inspiredtech.co.uk/,
Cegedim Rx Limited,http://www.cegedim-healthcare.co.uk/,
Vision33 Holdings Limited,http://www.vision33.co.uk/,
CDL Internet Services Limited,http://www.cdl.co.uk/,
Marlborough Investment Management Limited,https://www.marlboroughgroup.com/,
K.M. Dastur & Co Limited,http://www.kmdastur.co.uk/,
B.M. Samuels Finance Group Ltd,https://www.bmsamuels.com/,
The Consulting Consortium Limited,https://www.tcc.group/,
Rosebridge Asset Management Limited,https://rosebridgeassetmanagement.com/,
Aubrey Capital Management Limited,https://www.aubreycm.co.uk/,
F B Taylor (Holdings) Limited,http://www.fbtaylor.co.uk/,
Bradleys Estate Agents Ltd.,https://www.bradleys-estate-agents.co.uk/branches/exmouth,
Rusty - Oak Limited,http://www.rustyoak.com/,
HCB Solicitors Ltd,http://www.hcbgroup.com/site/contact/solihull/,
Raffingers Advisory Limited,http://raffingers.co.uk/,
Box & Charnock Holdings Ltd,https://boxcharnock.com/,
Be Group Holdings (UK) Limited,https://www.thebegroup.co.uk/,
Kilmona Group Limited,https://kilmonaholdings.com/,
Athena Care Homes (UK) Limited,https://www.athenacarehomes.co.uk/contact-us/,
S J R Holdings Limited,http://www.sjroberts.com/,
Hallmark Care Homes Group Limited,https://www.hallmarkcarehomes.co.uk/,
Hill Care 2 Limited,https://www.hillcare.net/,
Danby Holdings Limited,https://danbys.co.uk/,
Calex UK Ltd,http://www.calexuk.com/,
I3Works Ltd,https://www.i3works.co.uk/,
Outset Limited,https://www.outsetuk.com/,
Innoval Technology Limited,https://www.innovaltec.com/,
University of Leeds IP Limited,https://www.leeds.ac.uk/,
Tindle Wealth Management Limited,https://www.tindlewealth.com/,
Champions (UK) PLC,https://championsukplc.com/contact,
Hawkins Brown Design Limited,http://www.hawkinsbrown.com/,
Frankham Consultancy Group Limited,http://www.frankham.com/,
Oxford Space Systems Limited,http://www.oxford.space/,
Attolife Ltd,https://www.attolife.co.uk/,
One Health Communications Limited,https://www.onehealthcomms.co.uk/,
A10 Networks Limited,https://www.a10networks.com/,
Demo TV Limited,https://www.dtvgroup.co.uk/,
Defaqto Ltd,https://www.defaqto.com/,
Big Sky Partnership Limited,https://www.bigskylondon.com/,
Advanced Demand Side Management Limited,https://www.adsm.com/,
Frontier IP Limited,https://www.frontierip.co.uk/contact/,
Mer Fleet Services Limited,https://uk.mer.eco/,
Kitchen Civils (Holdings) Limited,https://www.kitchencivils.co.uk/,
The Hireman (London) Limited,https://thehireman.co.uk/contact/,
KDM Hire Ltd,https://www.kdmhire.com/,
Portable Space Limited,https://www.portablespace.co.uk/,
Careermakers Recruitment (UK) Ltd,http://www.career-makers.co.uk/,
Waypoint Global Limited,https://www.waypointglobal.co.uk/CONTACT/index.html,
Madigangill Resource Limited,http://www.madigangill.co.uk/,
Portfolio Payroll Limited,http://www.portfoliopayroll.com/,
Dasa Umbrella Limited,https://dasa-umbrella.co.uk/,
NL Group Limited,https://nlgroup.co.uk/contact-us/,
Aspire People Limited,https://www.aspirepeople.co.uk/,
Caval Limited,https://www.caval.co.uk/,
Apollo Home Healthcare Limited,http://www.apollohomehealthcare.com/,
Boost Pay Limited,https://www.boostpay.co.uk/contact,
Skytrail Limited,https://www.skytrail.com/contact/,
JTB Europe Limited,https://jtbbusinesstravel.com/contact/,
Exoticca Travel UK Limited,https://www.exoticca.com/uk,
Securigroup Services Limited,https://www.securigroup.co.uk/,
Nexus Leeds Limited,https://nexusleeds.co.uk/,
Antac Support Services Ltd,https://antac.co.uk/contact/,
Wetton Cleaning Services Limited,https://www.wettons.co.uk/,
Arrow Film Converters Limited,http://www.afcltd.co.uk/,
Shrieve Products International Limited,https://shrieve.com/,
Office Space In Town Limited,https://www.officespaceintown.com/terms-use/,
Littlebourne House Limited,https://www.littlebournecarehome.co.uk/,
European Glass Group Limited,http://egi-uk.com/,
Stor-A-File Limited,https://www.storafile.co.uk/,
Cable and Accessories (Northern Ireland) Limited,https://www.cableandaccessoriesonline.com/,
Fassi (U.K.) Limited,https://www.fassiuk.com/,
Ashton Lodge (Sunbury) Ltd,https://ashtonlodgeofsunbury.co.uk/,
J&S Products Limited,https://hofmann-megaplan.co.uk/,
Zenith S.A.S. Limited,http://www.zenithstructural.com/,
LMG Jewellery Limited,https://www.personaljewelleryservice.com/,
Watkins M & E Group Ltd,https://watkins.co.uk/,
The PiXL Club Limited,https://www.pixl.org.uk/,
St. Cedd's School Educational Trust Limited,http://www.stcedds.co.uk/,
Strangford College,https://www.strangfordcollege.net/,
Avado Learning Limited,https://www.avadolearning.com/,
Argyll College UHI Ltd.,https://www.argyll.uhi.ac.uk/,
Leeds Ventures Limited,https://www.leeds.ac.uk/,
Access Training (Wales) Limited,https://www.accesstraininguk.co.uk/,
Finborough School Limited,https://www.finboroughschool.co.uk/,
Hallmark Care Homes (Caldicot) Limited,https://www.hallmarkcarehomes.co.uk/,
Hallmark Care Homes (Cardiff) Limited,https://www.hallmarkcarehomes.co.uk/care-homes/cardiff/,
Hallmark Care Homes (Pentwyn) Limited,https://www.hallmarkcarehomes.co.uk/care-homes/essex/,
Hallmark Care Homes (SW19) Limited,https://www.hallmarkcarehomes.co.uk/care-homes/london/kew-house/,
Hallmark Care Homes (Bute Town) Limited,https://www.hallmarkcarehomes.co.uk/care-homes/essex/hutton-view/,
Abbotsford Care (Glenrothes) Limited,https://www.abbotsford-care.co.uk/,
Hallmark Care Homes (Brighton) Ltd,https://www.hallmarkcarehomes.co.uk/care-homes/essex/anisha-grange/,
Opus Care Limited,https://opuscare.co.uk/,
Invicta Health Community Interest Company,https://invictahealth.co.uk/,
NEMS Community Benefit Services Limited,https://nemscbs.net/,
Salford Primary Care Together CIC,https://salfordprimarycaretogether.co.uk/,
Dumbledore Dental Care Limited,https://southcliffdentalgroup.com/,
T.L. Care Limited,https://www.tlcwirral.co.uk/,
Thomas Owen Care Limited,https://thomasowencare.co.uk/,
Hill Care Limited,https://www.hillcare.net/,
Coventry and Warwickshire Mind,https://cwmind.org.uk/,
Attodiagnostics Ltd,https://www.attodiagnostics.com/,
Teladoc Health UK Ltd,https://teladochealth.org.uk/,
Westward Care Limited,https://www.westwardcare.co.uk/,
King's Fertility Limited,https://kingsfertility.co.uk/,
Connected Health (Care NI) Limited,https://connected-health.co.uk/,
Hallmark Care Homes (Tunbridge Wells) Limited,https://www.hallmarkcarehomes.co.uk/care-homes/kent/chamberlain-court/,
Hill Care 1 Limited,https://www.hillcare.net/,
Hestia Care Homes Limited,http://hestiacare.co.uk/,
Athena Care Homes (Gaywood) Limited,https://www.athenacarehomes.co.uk/,
Weston Park Care Limited,https://capitalcaregroup.co.uk/our-homes/weston-park-care-home/,
St Philips Care Caledonia Limited,https://www.stphilipscare.com/,
Ariya Neuro Care (Residential) Limited,http://www.ariya-neurocare.com/,
Healthcare Ireland (No.2) Limited,http://www.healthcareirelandgroup.com/,
Athena Care Homes (Monmouth) Limited,https://www.athenacarehomes.co.uk/,
Morningside Manor Limited,https://lindemann.healthcare/,
LDC Care Company Ltd,https://www.ldccare.co.uk/,
Consultus Care and Nursing Ltd,https://www.consultuscare.com/,
GCH (Alan Morkill House) Limited,https://www.goldcarehomes.com/,
Ashton Lodge Limited,https://ashtonlodgeofsunbury.co.uk/,
LDC Group Ltd,https://www.ldccare.co.uk/,
Camphill Community Glencraig,https://www.glencraig.org.uk/,
Lindemann Healthcare Limited,https://lindemann.healthcare/,
The Players Club UK Limited,https://napoleons-casinos.co.uk/,
The A & S Leisure Group Limited,https://napoleons-casinos.co.uk/,
YMCA Newark and Sherwood,https://ymcanewarksherwood.org/,
The Lakeland Climbing Centre Limited,https://lakelandclimbingcentres.co.uk/,
Rotherham United Football Club (RUFC) Limited,http://www.themillers.co.uk/,
MSG Life Limited,https://www.msg-global.com/,
